{"_type":"export","__export_format":4,"__export_date":"2024-05-07T21:37:58.263Z","__export_source":"insomnia.desktop.app:v9.1.0","resources":[{"_id":"req_92ee1b09f8bb430da6231bd16522221f","parentId":"wrk_a78064baea01421fbcc1fa9ad4528acf","modified":1714594515651,"created":1713387790716,"url":"http://localhost:9495/api/disease/predict","name":"Predict_disease","description":"","method":"GET","body":{"mimeType":"application/json","text":"{\n\t\"symptoms\":[\"cough\", \"wheezing\", \"fever\"]\n}"},"preRequestScript":"","parameters":[],"headers":[{"name":"Content-Type","value":"application/json"},{"name":"User-Agent","value":"insomnia/8.6.1"}],"authentication":{},"metaSortKey":-1713387790716,"isPrivate":false,"pathParameters":[],"settingStoreCookies":true,"settingSendCookies":true,"settingDisableRenderRequestBody":false,"settingEncodeUrl":true,"settingRebuildPath":true,"settingFollowRedirects":"global","_type":"request"},{"_id":"wrk_a78064baea01421fbcc1fa9ad4528acf","parentId":null,"modified":1698185737053,"created":1698185737053,"name":"HealthConnect","description":"","scope":"collection","_type":"workspace"},{"_id":"req_bbea48d2c005496b9c030d03e7a367ca","parentId":"fld_8e0bff0939d0485ba545dd8ab87d7659","modified":1709154244522,"created":1709153988565,"url":"https://localhost:8443/api/patient/","name":"Get Patients","description":"","method":"GET","body":{},"preRequestScript":"","parameters":[],"headers":[{"name":"User-Agent","value":"insomnia/8.6.1","id":"pair_9dff3d7a2ec04d75a4486a48c4f2a2c7"},{"id":"pair_aec105224d4f41408ed29659c5a2f66d","name":"Accept","value":"*/*","description":""},{"id":"pair_7631c63563284dff9df54cc29a00ed2c","name":"Authorization","value":"Bearer eyJhbGciOiJIUzI1NiJ9.eyJzdWIiOiJKb2huQHRlc3QuY29tIiwiZXhwIjoxNzA5MTgyNzU4LCJpYXQiOjE3MDkxNDY3NTh9.cKY2PQ3pUfc7obbP0fMdD7WWTCpVWfz71BFFMC-jfl0","description":""}],"authentication":{},"metaSortKey":-1709154018332,"isPrivate":false,"pathParameters":[],"settingStoreCookies":true,"settingSendCookies":true,"settingDisableRenderRequestBody":false,"settingEncodeUrl":true,"settingRebuildPath":true,"settingFollowRedirects":"global","_type":"request"},{"_id":"fld_8e0bff0939d0485ba545dd8ab87d7659","parentId":"wrk_a78064baea01421fbcc1fa9ad4528acf","modified":1713388782644,"created":1709153962441,"name":"Patient-Collection","description":"","environment":{},"environmentPropertyOrder":null,"metaSortKey":-1709153962441,"_type":"request_group"},{"_id":"req_812b71079fe4403aa42785cde4c089a5","parentId":"fld_8e0bff0939d0485ba545dd8ab87d7659","modified":1709154194826,"created":1709154152755,"url":"https://localhost:8443/api/patient/bloodgroup","name":"Get Bloodgroups","description":"","method":"GET","body":{},"preRequestScript":"","parameters":[],"headers":[{"name":"User-Agent","value":"insomnia/8.6.1","id":"pair_9dff3d7a2ec04d75a4486a48c4f2a2c7"},{"id":"pair_aec105224d4f41408ed29659c5a2f66d","name":"Accept","value":"*/*","description":""},{"id":"pair_7631c63563284dff9df54cc29a00ed2c","name":"Authorization","value":"Bearer eyJhbGciOiJIUzI1NiJ9.eyJzdWIiOiJKb2huQHRlc3QuY29tIiwiZXhwIjoxNzA5MTgyNzU4LCJpYXQiOjE3MDkxNDY3NTh9.cKY2PQ3pUfc7obbP0fMdD7WWTCpVWfz71BFFMC-jfl0","description":""}],"authentication":{},"metaSortKey":-1709150179291.5,"isPrivate":false,"pathParameters":[],"settingStoreCookies":true,"settingSendCookies":true,"settingDisableRenderRequestBody":false,"settingEncodeUrl":true,"settingRebuildPath":true,"settingFollowRedirects":"global","_type":"request"},{"_id":"req_b74b3a57cc2f40aab342c1d40b0ee122","parentId":"fld_8e1b25bdbc464afeb20cfb98c67961ca","modified":1709155727032,"created":1709155303802,"url":"https://localhost:8443/api/doctor","name":"Get Doctors","description":"","method":"GET","body":{},"preRequestScript":"","parameters":[],"headers":[{"name":"User-Agent","value":"insomnia/8.6.1","id":"pair_9dff3d7a2ec04d75a4486a48c4f2a2c7"},{"id":"pair_aec105224d4f41408ed29659c5a2f66d","name":"Accept","value":"*/*","description":""},{"id":"pair_7631c63563284dff9df54cc29a00ed2c","name":"Authorization","value":"Bearer eyJhbGciOiJIUzI1NiJ9.eyJzdWIiOiJKb2huQHRlc3QuY29tIiwiZXhwIjoxNzA5MTgyNzU4LCJpYXQiOjE3MDkxNDY3NTh9.cKY2PQ3pUfc7obbP0fMdD7WWTCpVWfz71BFFMC-jfl0","description":""}],"authentication":{},"metaSortKey":-1709154018332,"isPrivate":false,"pathParameters":[],"settingStoreCookies":true,"settingSendCookies":true,"settingDisableRenderRequestBody":false,"settingEncodeUrl":true,"settingRebuildPath":true,"settingFollowRedirects":"global","_type":"request"},{"_id":"fld_8e1b25bdbc464afeb20cfb98c67961ca","parentId":"wrk_a78064baea01421fbcc1fa9ad4528acf","modified":1709155303801,"created":1709155303801,"name":"Doctor-Collection","description":"","environment":{},"environmentPropertyOrder":null,"metaSortKey":-1709153654019,"_type":"request_group"},{"_id":"req_c8efe241113c457c8adee9855b8e33bc","parentId":"fld_8e1b25bdbc464afeb20cfb98c67961ca","modified":1709156308642,"created":1709155839986,"url":"https://localhost:8443/api/doctor","name":"Register Doctor","description":"","method":"POST","body":{"mimeType":"application/json","text":"{\n  \"firstName\": \"Nikhil\",\n  \"lastName\": \"Palem\",\n  \"age\": 40,\n  \"sex\": \"Male\",\n  \"emailId\": \"nikhil.palem@test.com\",\n  \"contact\": \"+1 (123) 456-7890\",\n  \"street\": \"123 Main Street\",\n  \"city\": \"Anytown\",\n  \"pincode\": \"94562\",\n  \"password\": \"test\",\n  \"role\": \"doctor\",\n  \"specialist\": \"Immunologists\",\n  \"status\": 0,\n  \"experience\": 10,\n\t\"image\" : \"\"\n}\n"},"preRequestScript":"","parameters":[],"headers":[{"name":"Content-Type","value":"application/json"},{"name":"User-Agent","value":"insomnia/8.6.1","id":"pair_9dff3d7a2ec04d75a4486a48c4f2a2c7"},{"id":"pair_aec105224d4f41408ed29659c5a2f66d","name":"Accept","value":"*/*","description":""},{"id":"pair_7631c63563284dff9df54cc29a00ed2c","name":"Authorization","value":"Bearer eyJhbGciOiJIUzI1NiJ9.eyJzdWIiOiJKb2huQHRlc3QuY29tIiwiZXhwIjoxNzA5MTgyNzU4LCJpYXQiOjE3MDkxNDY3NTh9.cKY2PQ3pUfc7obbP0fMdD7WWTCpVWfz71BFFMC-jfl0","description":""}],"authentication":{},"metaSortKey":-1709152098811.75,"isPrivate":false,"pathParameters":[],"settingStoreCookies":true,"settingSendCookies":true,"settingDisableRenderRequestBody":false,"settingEncodeUrl":true,"settingRebuildPath":true,"settingFollowRedirects":"global","_type":"request"},{"_id":"req_67a133a0294f4a3dbc81fb7dff543715","parentId":"fld_8e1b25bdbc464afeb20cfb98c67961ca","modified":1709156139584,"created":1709155303803,"url":"https://localhost:8443/api/doctor/specialists","name":"Get Specializations","description":"","method":"GET","body":{},"preRequestScript":"","parameters":[],"headers":[{"name":"User-Agent","value":"insomnia/8.6.1","id":"pair_9dff3d7a2ec04d75a4486a48c4f2a2c7"},{"id":"pair_aec105224d4f41408ed29659c5a2f66d","name":"Accept","value":"*/*","description":""},{"id":"pair_7631c63563284dff9df54cc29a00ed2c","name":"Authorization","value":"Bearer eyJhbGciOiJIUzI1NiJ9.eyJzdWIiOiJKb2huQHRlc3QuY29tIiwiZXhwIjoxNzA5MTgyNzU4LCJpYXQiOjE3MDkxNDY3NTh9.cKY2PQ3pUfc7obbP0fMdD7WWTCpVWfz71BFFMC-jfl0","description":""}],"authentication":{},"metaSortKey":-1709150179291.5,"isPrivate":false,"pathParameters":[],"settingStoreCookies":true,"settingSendCookies":true,"settingDisableRenderRequestBody":false,"settingEncodeUrl":true,"settingRebuildPath":true,"settingFollowRedirects":"global","_type":"request"},{"_id":"req_0062dbd296864da2b3262da805c4a9b5","parentId":"fld_8e1b25bdbc464afeb20cfb98c67961ca","modified":1709155625870,"created":1709155602826,"url":"https://localhost:8443/api/doctor/{doctor.png}","name":"Get Doctor Image","description":"","method":"GET","body":{},"preRequestScript":"","parameters":[],"headers":[{"name":"User-Agent","value":"insomnia/8.6.1","id":"pair_9dff3d7a2ec04d75a4486a48c4f2a2c7"},{"id":"pair_aec105224d4f41408ed29659c5a2f66d","name":"Accept","value":"*/*","description":""},{"id":"pair_7631c63563284dff9df54cc29a00ed2c","name":"Authorization","value":"Bearer eyJhbGciOiJIUzI1NiJ9.eyJzdWIiOiJKb2huQHRlc3QuY29tIiwiZXhwIjoxNzA5MTgyNzU4LCJpYXQiOjE3MDkxNDY3NTh9.cKY2PQ3pUfc7obbP0fMdD7WWTCpVWfz71BFFMC-jfl0","description":""}],"authentication":{},"metaSortKey":-1709148259771.25,"isPrivate":false,"pathParameters":[],"settingStoreCookies":true,"settingSendCookies":true,"settingDisableRenderRequestBody":false,"settingEncodeUrl":true,"settingRebuildPath":true,"settingFollowRedirects":"global","_type":"request"},{"_id":"req_ac332980f693491c82e9aa6390cb8020","parentId":"fld_ecbba2ce33ab49d7a03983694c04eec2","modified":1715116039968,"created":1709156923242,"url":"https://localhost:8443/api/appointment","name":"Create Appointment","description":"","method":"POST","body":{"mimeType":"application/json","text":"{\n    \"appointmentDate\": \"2024-05-14 1:23 PM\",\n    \"doctorId\": 2,\n    \"patientId\": 10,\n    \"prescription\": null,\n    \"price\": 100,\n    \"problem\": \"hello pain\",\n    \"status\": \"Scheduled\",\n\t\t\"date\": \"2024-05-14 1:23 PM\"\n}"},"preRequestScript":"","parameters":[],"headers":[{"name":"Content-Type","value":"application/json","id":"pair_1f005ecf02084921a42b8b1936135242"},{"name":"User-Agent","value":"insomnia/8.6.1","id":"pair_9dff3d7a2ec04d75a4486a48c4f2a2c7"},{"id":"pair_aec105224d4f41408ed29659c5a2f66d","name":"Accept","value":"*/*","description":""},{"id":"pair_7631c63563284dff9df54cc29a00ed2c","name":"Authorization","value":"Bearer eyJhbGciOiJIUzI1NiJ9.eyJzdWIiOiJpcmZhbmFtZWVyLnNoYWlrQHNqc3UuZWR1IiwiZXhwIjoxNzE1MTE3ODIzLCJpYXQiOjE3MTUxMTYwMjN9.Phckg1EPfCyUEbmjDq7CYv5RNvhXZFHsAJGf2eXleV8","description":""}],"authentication":{},"metaSortKey":-1709156939301,"isPrivate":false,"pathParameters":[],"settingStoreCookies":true,"settingSendCookies":true,"settingDisableRenderRequestBody":false,"settingEncodeUrl":true,"settingRebuildPath":true,"settingFollowRedirects":"global","_type":"request"},{"_id":"fld_ecbba2ce33ab49d7a03983694c04eec2","parentId":"wrk_a78064baea01421fbcc1fa9ad4528acf","modified":1709153345597,"created":1709153345597,"name":"Appointment-collection","description":"","environment":{},"environmentPropertyOrder":null,"metaSortKey":-1709153345597,"_type":"request_group"},{"_id":"req_11a53836d97948d5b990bdf3a903812e","parentId":"fld_ecbba2ce33ab49d7a03983694c04eec2","modified":1715116438149,"created":1714864663451,"url":"https://localhost:8443/api/appointment/20","name":"Cancel Appointment","description":"","method":"DELETE","body":{},"preRequestScript":"","parameters":[],"headers":[{"name":"User-Agent","value":"insomnia/8.6.1","id":"pair_9dff3d7a2ec04d75a4486a48c4f2a2c7"},{"id":"pair_aec105224d4f41408ed29659c5a2f66d","name":"Accept","value":"*/*","description":""},{"id":"pair_7631c63563284dff9df54cc29a00ed2c","name":"Authorization","value":"Bearer eyJhbGciOiJIUzI1NiJ9.eyJzdWIiOiJpcmZhbmFtZWVyLnNoYWlrQHNqc3UuZWR1IiwiZXhwIjoxNzE1MTE3ODIzLCJpYXQiOjE3MTUxMTYwMjN9.Phckg1EPfCyUEbmjDq7CYv5RNvhXZFHsAJGf2eXleV8","description":""}],"authentication":{},"metaSortKey":-1709156848020.7188,"isPrivate":false,"pathParameters":[],"settingStoreCookies":true,"settingSendCookies":true,"settingDisableRenderRequestBody":false,"settingEncodeUrl":true,"settingRebuildPath":true,"settingFollowRedirects":"global","_type":"request"},{"_id":"req_7b32debd6d984508a0f91cd0777323b3","parentId":"fld_ecbba2ce33ab49d7a03983694c04eec2","modified":1714972110869,"created":1713735549195,"url":"https://localhost:8443/api/appointment/prescribe","name":"Prescribe","description":"","method":"POST","body":{"mimeType":"application/json","text":"{\n\t\"appointmentId\":1,\n\t\"prescription\" : [\n\t\t{\n\t\t\t\"name\" : \"aspririn\",\n\t\t\t\"dosage\":  \"100mg\",\n\t\t\t\"frequency\" : 1,\n\t\t\t\"instructions\" : \"1 in the morning/after food\"\n\t\t},\n\t\t{\n\t\t\t\"name\" : \"allegra\",\n\t\t\t\"dosage\":  \"10mg\",\n\t\t\t\"frequency\" : 1,\n\t\t\t\"instructions\" : \"1 in the night after food\"\n\t\t}\n\t]\n}"},"preRequestScript":"","parameters":[],"headers":[{"name":"Content-Type","value":"application/json","id":"pair_1f005ecf02084921a42b8b1936135242"},{"name":"User-Agent","value":"insomnia/8.6.1","id":"pair_9dff3d7a2ec04d75a4486a48c4f2a2c7"},{"id":"pair_aec105224d4f41408ed29659c5a2f66d","name":"Accept","value":"*/*","description":""},{"id":"pair_7631c63563284dff9df54cc29a00ed2c","name":"Authorization","value":"Bearer eyJhbGciOiJIUzI1NiJ9.eyJzdWIiOiJyYWh1bEB0ZXN0LmNvbSIsImV4cCI6MTcxNDk3Mzg5NCwiaWF0IjoxNzE0OTcyMDk0fQ.owBJ81y3rNmzPXWBga1OQ0XkcNR6K0SBXS-qol5X7VA","description":""}],"authentication":{},"metaSortKey":-1709156756740.4375,"isPrivate":false,"pathParameters":[],"settingStoreCookies":true,"settingSendCookies":true,"settingDisableRenderRequestBody":false,"settingEncodeUrl":true,"settingRebuildPath":true,"settingFollowRedirects":"global","_type":"request"},{"_id":"req_bd228b102e324a0eb1ad4a180838a1a1","parentId":"fld_ecbba2ce33ab49d7a03983694c04eec2","modified":1715116832035,"created":1709161156534,"url":"https://localhost:8443/api/appointment","name":"Update Appointment","description":"","method":"PUT","body":{"mimeType":"application/json","text":"{\n  \"appointmentId\": 19,\n  \"price\": 50,\n  \"status\": \"scheduled\"\n}"},"preRequestScript":"","parameters":[],"headers":[{"name":"Content-Type","value":"application/json","id":"pair_d7fe73798a35466c80719910b0c576d1"},{"name":"User-Agent","value":"insomnia/8.6.1","id":"pair_9dff3d7a2ec04d75a4486a48c4f2a2c7"},{"id":"pair_aec105224d4f41408ed29659c5a2f66d","name":"Accept","value":"*/*","description":""},{"id":"pair_7631c63563284dff9df54cc29a00ed2c","name":"Authorization","value":"Bearer eyJhbGciOiJIUzI1NiJ9.eyJzdWIiOiJpcmZhbmFtZWVyLnNoYWlrQHNqc3UuZWR1IiwiZXhwIjoxNzE1MTE3ODIzLCJpYXQiOjE3MTUxMTYwMjN9.Phckg1EPfCyUEbmjDq7CYv5RNvhXZFHsAJGf2eXleV8","description":""}],"authentication":{},"metaSortKey":-1709156574179.875,"isPrivate":false,"pathParameters":[],"settingStoreCookies":true,"settingSendCookies":true,"settingDisableRenderRequestBody":false,"settingEncodeUrl":true,"settingRebuildPath":true,"settingFollowRedirects":"global","_type":"request"},{"_id":"req_1cf1c9aa937f45ceadf95ea2e308aaa6","parentId":"fld_ecbba2ce33ab49d7a03983694c04eec2","modified":1709164410573,"created":1709160198869,"url":"https://localhost:8443/api/appointment/doctor/update?appointmentId=1&doctorId=1&price=400&prescription=Dolo&status=0","name":"Update Assign Doctor","description":"","method":"PUT","body":{},"preRequestScript":"","parameters":[],"headers":[{"name":"User-Agent","value":"insomnia/8.6.1","id":"pair_9dff3d7a2ec04d75a4486a48c4f2a2c7"},{"id":"pair_aec105224d4f41408ed29659c5a2f66d","name":"Accept","value":"*/*","description":""},{"id":"pair_7631c63563284dff9df54cc29a00ed2c","name":"Authorization","value":"Bearer eyJhbGciOiJIUzI1NiJ9.eyJzdWIiOiJKb2huQHRlc3QuY29tIiwiZXhwIjoxNzA5MTgyNzU4LCJpYXQiOjE3MDkxNDY3NTh9.cKY2PQ3pUfc7obbP0fMdD7WWTCpVWfz71BFFMC-jfl0","description":""}],"authentication":{},"metaSortKey":-1709156209058.75,"isPrivate":false,"pathParameters":[],"settingStoreCookies":true,"settingSendCookies":true,"settingDisableRenderRequestBody":false,"settingEncodeUrl":true,"settingRebuildPath":true,"settingFollowRedirects":"global","_type":"request"},{"_id":"req_372d70ceff9f43f4b8e0c2a588ecdb56","parentId":"fld_ecbba2ce33ab49d7a03983694c04eec2","modified":1709164416404,"created":1709160540594,"url":"https://localhost:8443/api/appointment/doctor?appointmentId=1&doctorId=1&price=300&prescription=dolo&status=0","name":"Assign Doctor","description":"","method":"POST","body":{},"preRequestScript":"","parameters":[],"headers":[{"name":"User-Agent","value":"insomnia/8.6.1","id":"pair_9dff3d7a2ec04d75a4486a48c4f2a2c7"},{"id":"pair_aec105224d4f41408ed29659c5a2f66d","name":"Accept","value":"*/*","description":""},{"id":"pair_7631c63563284dff9df54cc29a00ed2c","name":"Authorization","value":"Bearer eyJhbGciOiJIUzI1NiJ9.eyJzdWIiOiJKb2huQHRlc3QuY29tIiwiZXhwIjoxNzA5MTgyNzU4LCJpYXQiOjE3MDkxNDY3NTh9.cKY2PQ3pUfc7obbP0fMdD7WWTCpVWfz71BFFMC-jfl0","description":""}],"authentication":{},"metaSortKey":-1709155843937.625,"isPrivate":false,"pathParameters":[],"settingStoreCookies":true,"settingSendCookies":true,"settingDisableRenderRequestBody":false,"settingEncodeUrl":true,"settingRebuildPath":true,"settingFollowRedirects":"global","_type":"request"},{"_id":"req_51030a31c9914b09b8209b23286fab15","parentId":"fld_ecbba2ce33ab49d7a03983694c04eec2","modified":1714972186532,"created":1709160099773,"url":"https://localhost:8443/api/appointment/id?id=1","name":"Get Appointment by Id","description":"","method":"GET","body":{},"preRequestScript":"","parameters":[],"headers":[{"name":"User-Agent","value":"insomnia/8.6.1","id":"pair_9dff3d7a2ec04d75a4486a48c4f2a2c7"},{"id":"pair_aec105224d4f41408ed29659c5a2f66d","name":"Accept","value":"*/*","description":""},{"id":"pair_7631c63563284dff9df54cc29a00ed2c","name":"Authorization","value":"Bearer eyJhbGciOiJIUzI1NiJ9.eyJzdWIiOiJyYWh1bEB0ZXN0LmNvbSIsImV4cCI6MTcxNDk3Mzg5NCwiaWF0IjoxNzE0OTcyMDk0fQ.owBJ81y3rNmzPXWBga1OQ0XkcNR6K0SBXS-qol5X7VA","description":""}],"authentication":{},"metaSortKey":-1709155478816.5,"isPrivate":false,"pathParameters":[],"settingStoreCookies":true,"settingSendCookies":true,"settingDisableRenderRequestBody":false,"settingEncodeUrl":true,"settingRebuildPath":true,"settingFollowRedirects":"global","_type":"request"},{"_id":"req_49ed86a65c014275acf8dfd3c41f9b4b","parentId":"fld_ecbba2ce33ab49d7a03983694c04eec2","modified":1715040799288,"created":1709160447500,"url":"https://localhost:8443/api/appointment/doctor?id=2","name":"Get Appointment by doctorId","description":"","method":"GET","body":{},"preRequestScript":"","parameters":[],"headers":[{"name":"User-Agent","value":"insomnia/8.6.1","id":"pair_9dff3d7a2ec04d75a4486a48c4f2a2c7"},{"id":"pair_aec105224d4f41408ed29659c5a2f66d","name":"Accept","value":"*/*","description":""},{"id":"pair_7631c63563284dff9df54cc29a00ed2c","name":"Authorization","value":"Bearer eyJhbGciOiJIUzI1NiJ9.eyJzdWIiOiJyYWh1bEB0ZXN0LmNvbSIsImV4cCI6MTcxNTA0MjU4NSwiaWF0IjoxNzE1MDQwNzg1fQ.J6vfwfHmNdsc3UblgeUn3U-rHGeZCeuDQZKMdxuoMJ8","description":""}],"authentication":{},"metaSortKey":-1709155113695.375,"isPrivate":false,"pathParameters":[],"settingStoreCookies":true,"settingSendCookies":true,"settingDisableRenderRequestBody":false,"settingEncodeUrl":true,"settingRebuildPath":true,"settingFollowRedirects":"global","_type":"request"},{"_id":"req_ccb47dac8c61489099a1e35162e90f3c","parentId":"fld_ecbba2ce33ab49d7a03983694c04eec2","modified":1715110230461,"created":1709161037161,"url":"https://localhost:8443/api/appointment/patient?id=6","name":"Get Appointment by patientId","description":"","method":"GET","body":{},"preRequestScript":"","parameters":[],"headers":[{"name":"User-Agent","value":"insomnia/8.6.1","id":"pair_9dff3d7a2ec04d75a4486a48c4f2a2c7"},{"id":"pair_aec105224d4f41408ed29659c5a2f66d","name":"Accept","value":"*/*","description":""},{"id":"pair_7631c63563284dff9df54cc29a00ed2c","name":"Authorization","value":"Bearer eyJhbGciOiJIUzI1NiJ9.eyJzdWIiOiJzdXJ5YUB0ZXN0LmNvbSIsImV4cCI6MTcxNTExMTk5NSwiaWF0IjoxNzE1MTEwMTk1fQ.Vqk3zuhsLPixCMqX5DXhus_FotZxehT1RKD7rsJx5YA","description":""}],"authentication":{},"metaSortKey":-1709154931134.8125,"isPrivate":false,"pathParameters":[],"settingStoreCookies":true,"settingSendCookies":true,"settingDisableRenderRequestBody":false,"settingEncodeUrl":true,"settingRebuildPath":true,"settingFollowRedirects":"global","_type":"request"},{"_id":"req_c8fe5f1648b6496ebfc74697c988451a","parentId":"fld_ecbba2ce33ab49d7a03983694c04eec2","modified":1714874885672,"created":1709160360085,"url":"https://localhost:8443/api/appointment","name":"Get All Appointments","description":"","method":"GET","body":{},"preRequestScript":"","parameters":[],"headers":[{"name":"User-Agent","value":"insomnia/8.6.1","id":"pair_9dff3d7a2ec04d75a4486a48c4f2a2c7"},{"id":"pair_aec105224d4f41408ed29659c5a2f66d","name":"Accept","value":"*/*","description":""},{"id":"pair_7631c63563284dff9df54cc29a00ed2c","name":"Authorization","value":"Bearer {{ _.admin_token }}","description":""}],"authentication":{},"metaSortKey":-1709154748574.25,"isPrivate":false,"pathParameters":[],"settingStoreCookies":true,"settingSendCookies":true,"settingDisableRenderRequestBody":false,"settingEncodeUrl":true,"settingRebuildPath":true,"settingFollowRedirects":"global","_type":"request"},{"_id":"req_01e5f85a92c344fab42d093f72ac1f15","parentId":"fld_78b5689fe4f0497798a6d7abfeb54fa6","modified":1715114067467,"created":1698185742962,"url":"https://localhost:8443/api/user/login","name":"Authenticate","description":"","method":"POST","body":{"mimeType":"application/json","text":"{\n    \"emailId\": \"irfanameer.shaik@sjsu.edu\",\n    \"password\": \"test\",\n     \"role\": \"patient\"\n}\n"},"preRequestScript":"","parameters":[],"headers":[{"name":"Content-Type","value":"application/json"},{"name":"User-Agent","value":"insomnia/8.3.0"}],"authentication":{},"metaSortKey":-1709146340251,"isPrivate":false,"pathParameters":[],"settingStoreCookies":true,"settingSendCookies":true,"settingDisableRenderRequestBody":false,"settingEncodeUrl":true,"settingRebuildPath":true,"settingFollowRedirects":"global","_type":"request"},{"_id":"fld_78b5689fe4f0497798a6d7abfeb54fa6","parentId":"wrk_a78064baea01421fbcc1fa9ad4528acf","modified":1714874499126,"created":1709146307067,"name":"User-collection","description":"","environment":{},"environmentPropertyOrder":null,"metaSortKey":-1709146307067,"_type":"request_group"},{"_id":"req_84fbeef129964d90a0edec3a4773cab7","parentId":"fld_78b5689fe4f0497798a6d7abfeb54fa6","modified":1715114079782,"created":1709144989288,"url":"https://localhost:8443/api/user/register","name":"User Register","description":"","method":"POST","body":{"mimeType":"application/json","text":"{\n  \"age\": 26,\n  \"bloodGroup\": \"O-\",\n  \"city\": \"San Jose\",\n  \"contact\": \"678989084\",\n  \"doctorImage\": \"test\",\n  \"emailId\": \"irfanameer.shaik@sjsu.edu\",\n  \"experience\": 10,\n  \"firstName\": \"Irfan\",\n  \"lastName\": \"Shaik\",\n  \"password\": \"test\",\n  \"pincode\": \"95745\",\n  \"role\": \"patient\",\n  \"sex\": \"Male\",\n  \"specialist\": \"Neurologist\",\n  \"street\": \"Wolfe\"\n}"},"preRequestScript":"","parameters":[],"headers":[{"name":"Content-Type","value":"application/json","id":"pair_e8b701759b7e4d1e9dc62ece7095576a"},{"name":"User-Agent","value":"insomnia/8.6.1","id":"pair_9dff3d7a2ec04d75a4486a48c4f2a2c7"},{"id":"pair_aec105224d4f41408ed29659c5a2f66d","name":"Accept","value":"*/*","description":""}],"authentication":{},"metaSortKey":-1709146340151,"isPrivate":false,"pathParameters":[],"settingStoreCookies":true,"settingSendCookies":true,"settingDisableRenderRequestBody":false,"settingEncodeUrl":true,"settingRebuildPath":true,"settingFollowRedirects":"global","_type":"request"},{"_id":"req_f824af42034a4325854d4f62ee27e898","parentId":"fld_78b5689fe4f0497798a6d7abfeb54fa6","modified":1709148749189,"created":1709146402760,"url":"https://localhost:8443/api/user/id?userId=5","name":"Delete User","description":"","method":"DELETE","body":{"mimeType":"application/json","text":""},"preRequestScript":"","parameters":[],"headers":[{"name":"Content-Type","value":"application/json","id":"pair_e8b701759b7e4d1e9dc62ece7095576a"},{"name":"User-Agent","value":"insomnia/8.6.1","id":"pair_9dff3d7a2ec04d75a4486a48c4f2a2c7"},{"id":"pair_aec105224d4f41408ed29659c5a2f66d","name":"Accept","value":"*/*","description":""},{"id":"pair_cbff3fca3c8a4c40b7e78058636aad8e","name":"Authorization","value":"Bearer eyJhbGciOiJIUzI1NiJ9.eyJzdWIiOiJKb2huQHRlc3QuY29tIiwiZXhwIjoxNzA5MTgyNzU4LCJpYXQiOjE3MDkxNDY3NTh9.cKY2PQ3pUfc7obbP0fMdD7WWTCpVWfz71BFFMC-jfl0","description":""}],"authentication":{},"metaSortKey":-1703970018714,"isPrivate":false,"pathParameters":[],"settingStoreCookies":true,"settingSendCookies":true,"settingDisableRenderRequestBody":false,"settingEncodeUrl":true,"settingRebuildPath":true,"settingFollowRedirects":"global","_type":"request"},{"_id":"req_77aaa4b5fbec460ab186933dbb1551c2","parentId":"fld_78b5689fe4f0497798a6d7abfeb54fa6","modified":1711056978922,"created":1709146524248,"url":"https://localhost:8443/api/user/id?userId=1","name":"Get User","description":"","method":"GET","body":{},"preRequestScript":"","parameters":[],"headers":[{"name":"User-Agent","value":"insomnia/8.6.1","id":"pair_9dff3d7a2ec04d75a4486a48c4f2a2c7"},{"id":"pair_aec105224d4f41408ed29659c5a2f66d","name":"Accept","value":"*/*","description":""},{"id":"pair_82cfef39d6f4406b8da2c7fe3dd3cd92","name":"Authorization","value":"Bearer eyJhbGciOiJIUzI1NiJ9.eyJzdWIiOiJMYXZhbnlhOUB0ZXN0LmNvbSIsImV4cCI6MTcxMTA1Njk4NywiaWF0IjoxNzExMDU2OTY3fQ.ywHhQJ2TmpA4HwWlkigN3MN_OAg8fy2RoTQCSYm4Oeg","description":""}],"authentication":{},"metaSortKey":-1701381857995.5,"isPrivate":false,"pathParameters":[],"settingStoreCookies":true,"settingSendCookies":true,"settingDisableRenderRequestBody":false,"settingEncodeUrl":true,"settingRebuildPath":true,"settingFollowRedirects":"global","_type":"request"},{"_id":"req_9a0a592c08f04d9baf28dcbdf5789beb","parentId":"fld_78b5689fe4f0497798a6d7abfeb54fa6","modified":1715117650951,"created":1715117542394,"url":"https://localhost:8443/api/doctor","name":"Get All doctors","description":"","method":"GET","body":{},"preRequestScript":"","parameters":[],"headers":[{"name":"User-Agent","value":"insomnia/8.6.1","id":"pair_9dff3d7a2ec04d75a4486a48c4f2a2c7"},{"id":"pair_aec105224d4f41408ed29659c5a2f66d","name":"Accept","value":"*/*","description":""},{"id":"pair_82cfef39d6f4406b8da2c7fe3dd3cd92","name":"Authorization","value":"Bearer eyJhbGciOiJIUzI1NiJ9.eyJzdWIiOiJpcmZhbmFtZWVyLnNoYWlrQHNqc3UuZWR1IiwiZXhwIjoxNzE1MTE3ODIzLCJpYXQiOjE3MTUxMTYwMjN9.Phckg1EPfCyUEbmjDq7CYv5RNvhXZFHsAJGf2eXleV8","description":""}],"authentication":{},"metaSortKey":-1700734817815.875,"isPrivate":false,"pathParameters":[],"settingStoreCookies":true,"settingSendCookies":true,"settingDisableRenderRequestBody":false,"settingEncodeUrl":true,"settingRebuildPath":true,"settingFollowRedirects":"global","_type":"request"},{"_id":"req_809459810a9e4fa0b90d0a1cf950a68e","parentId":"fld_78b5689fe4f0497798a6d7abfeb54fa6","modified":1709147308452,"created":1709146640045,"url":"https://localhost:8443/api/user/gender","name":"Get gender","description":"","method":"GET","body":{},"preRequestScript":"","parameters":[],"headers":[{"name":"User-Agent","value":"insomnia/8.6.1","id":"pair_9dff3d7a2ec04d75a4486a48c4f2a2c7"},{"id":"pair_aec105224d4f41408ed29659c5a2f66d","name":"Accept","value":"*/*","description":""},{"id":"pair_48a04f3dbda840e480b99d633ef5f7d4","name":"Authorization","value":"Bearer eyJhbGciOiJIUzI1NiJ9.eyJzdWIiOiJKb2huQHRlc3QuY29tIiwiZXhwIjoxNzA5MTgyNzU4LCJpYXQiOjE3MDkxNDY3NTh9.cKY2PQ3pUfc7obbP0fMdD7WWTCpVWfz71BFFMC-jfl0","description":""}],"authentication":{},"metaSortKey":-1700087777636.25,"isPrivate":false,"pathParameters":[],"settingStoreCookies":true,"settingSendCookies":true,"settingDisableRenderRequestBody":false,"settingEncodeUrl":true,"settingRebuildPath":true,"settingFollowRedirects":"global","_type":"request"},{"_id":"req_077b4959404d4fb8befeac43b5ce8f28","parentId":"fld_78b5689fe4f0497798a6d7abfeb54fa6","modified":1709147342607,"created":1709146698632,"url":"https://localhost:8443/api/user/roles","name":"Get roles","description":"","method":"GET","body":{},"preRequestScript":"","parameters":[],"headers":[{"name":"User-Agent","value":"insomnia/8.6.1","id":"pair_9dff3d7a2ec04d75a4486a48c4f2a2c7"},{"id":"pair_aec105224d4f41408ed29659c5a2f66d","name":"Accept","value":"*/*","description":""},{"id":"pair_7631c63563284dff9df54cc29a00ed2c","name":"Authorization","value":"Bearer eyJhbGciOiJIUzI1NiJ9.eyJzdWIiOiJKb2huQHRlc3QuY29tIiwiZXhwIjoxNzA5MTgyNzU4LCJpYXQiOjE3MDkxNDY3NTh9.cKY2PQ3pUfc7obbP0fMdD7WWTCpVWfz71BFFMC-jfl0","description":""}],"authentication":{},"metaSortKey":-1699440737456.625,"isPrivate":false,"pathParameters":[],"settingStoreCookies":true,"settingSendCookies":true,"settingDisableRenderRequestBody":false,"settingEncodeUrl":true,"settingRebuildPath":true,"settingFollowRedirects":"global","_type":"request"},{"_id":"req_c407822fca82407b9ffc458c032ad43d","parentId":"wrk_a78064baea01421fbcc1fa9ad4528acf","modified":1698202394590,"created":1698185812621,"url":"http://localhost:9192/test","name":"Test","description":"","method":"GET","body":{},"preRequestScript":"","parameters":[],"headers":[{"name":"User-Agent","value":"insomnia/8.3.0","id":"pair_8e9a6cdd462d41398e91741d4e40775c"},{"id":"pair_d9ef6b4f03b9402a8abcea74556fd1fa","name":"Content-Type","value":"application/json","description":""},{"id":"pair_9c89a1db6c1446d6bd9a737cc1554535","name":"Authorization","value":"Bearer eyJhbGciOiJIUzI1NiJ9.eyJzdWIiOiJsYXYiLCJleHAiOjE2OTgyMzgzMzgsImlhdCI6MTY5ODIwMjMzOH0.s65fKTX4BMgLWacMOgZ-nGaK0xFK69n_dFNwG5KV8PU","description":""}],"authentication":{},"metaSortKey":-1698185812621,"isPrivate":false,"pathParameters":[],"settingStoreCookies":true,"settingSendCookies":true,"settingDisableRenderRequestBody":false,"settingEncodeUrl":true,"settingRebuildPath":true,"settingFollowRedirects":"global","_type":"request"},{"_id":"env_66c37c8bea479e49097ad7aa323aafd901bc7cac","parentId":"wrk_a78064baea01421fbcc1fa9ad4528acf","modified":1714966737892,"created":1698185737055,"name":"Base Environment","data":{"patient_token":"eyJhbGciOiJIUzI1NiJ9.eyJzdWIiOiJzdXJ5YUB0ZXN0LmNvbSIsImV4cCI6MTcxNDg3NjUxMiwiaWF0IjoxNzE0ODc0NzEyfQ.fWreazKNU7kb1LHo2N05O5CohW_eRcBUo-u_CSND70Y","doctor_token":"eyJhbGciOiJIUzI1NiJ9.eyJzdWIiOiJyYWh1bEB0ZXN0LmNvbSIsImV4cCI6MTcxNDk2ODUyNywiaWF0IjoxNzE0OTY2NzI3fQ.O3UwYfoXQuW2IVwLxlj76NWIkk-MvVchcUTiblwIrWg","admin_token":"eyJhbGciOiJIUzI1NiJ9.eyJzdWIiOiJsYXZhbnlhLmFkbWluQHNqc3UuZWR1IiwiZXhwIjoxNzE0OTUxMzc0LCJpYXQiOjE3MTQ5NDk1NzR9.A8iFyQbSaP52oE0B2_8gm3c0S0uBl47XOJvmNAjSA_s"},"dataPropertyOrder":{"&":["patient_token","doctor_token","admin_token"]},"color":null,"isPrivate":false,"metaSortKey":1698185737055,"_type":"environment"},{"_id":"jar_66c37c8bea479e49097ad7aa323aafd901bc7cac","parentId":"wrk_a78064baea01421fbcc1fa9ad4528acf","modified":1698185737057,"created":1698185737057,"name":"Default Jar","cookies":[],"_type":"cookie_jar"}]}